agreement,away_team,bookmaker_odds,closing_odds,clv_abs,clv_pct,confidence,created_at,decision,ev,fair_odds,fixture_id,home_team,market,opening_odds,pnl,probability,result,stake,status
0.704858,Lazio,2.05,,,,0.782183,2026-03-08T12:09:37.956482Z,BET,0.266463,1.6187,u3,Juventus,home,2.05,,0.617787,,35.0,OPEN
0.847105,Milan,2.25,,,,0.721097,2026-03-08T12:09:37.956695Z,BET,0.194059,1.8843,u2,Napoli,home,2.25,,0.530693,,35.0,OPEN
0.821623,Roma,1.88,,,,0.662581,2026-03-08T12:09:37.957026Z,BET,0.107876,1.6969,u1,Inter,home,1.88,,0.589296,,30.65,OPEN
0.847105,Milan,3.25,,,,0.393899,2026-03-08T12:09:37.957303Z,NO_BET,-0.12627,3.7197,u2,Napoli,draw,3.25,,0.26884,,0.0,OPEN
0.821623,Roma,3.55,,,,0.374121,2026-03-08T12:09:37.957648Z,NO_BET,-0.171391,4.2843,u1,Inter,draw,3.55,,0.233411,,0.0,OPEN
0.821623,Roma,4.4,,,,0.351674,2026-03-08T12:09:37.957973Z,NO_BET,-0.219911,5.6404,u1,Inter,away,4.4,,0.177293,,0.0,OPEN
0.704858,Lazio,3.15,,,,0.343424,2026-03-08T12:09:37.958459Z,NO_BET,-0.304206,4.5272,u3,Juventus,draw,3.15,,0.220887,,0.0,OPEN
0.847105,Milan,3.05,,,,0.36655,2026-03-08T12:09:37.958804Z,NO_BET,-0.388579,4.9884,u2,Napoli,away,3.05,,0.200466,,0.0,OPEN
0.704858,Lazio,3.75,,,,0.319599,2026-03-08T12:09:37.959169Z,NO_BET,-0.395027,6.1986,u3,Juventus,away,3.75,,0.161326,,0.0,OPEN
0.704858,Lazio,2.05,,,,0.782183,2026-03-08T12:09:38.072218Z,BET,0.266463,1.6187,u3,Juventus,home,2.05,,0.617787,,35.0,OPEN
0.847105,Milan,2.25,,,,0.721097,2026-03-08T12:09:38.072627Z,BET,0.194059,1.8843,u2,Napoli,home,2.25,,0.530693,,35.0,OPEN
0.821623,Roma,1.88,,,,0.662581,2026-03-08T12:09:38.073071Z,BET,0.107876,1.6969,u1,Inter,home,1.88,,0.589296,,30.65,OPEN
0.847105,Milan,3.25,,,,0.393899,2026-03-08T12:09:38.073610Z,NO_BET,-0.12627,3.7197,u2,Napoli,draw,3.25,,0.26884,,0.0,OPEN
0.821623,Roma,3.55,,,,0.374121,2026-03-08T12:09:38.074025Z,NO_BET,-0.171391,4.2843,u1,Inter,draw,3.55,,0.233411,,0.0,OPEN
0.821623,Roma,4.4,,,,0.351674,2026-03-08T12:09:38.074438Z,NO_BET,-0.219911,5.6404,u1,Inter,away,4.4,,0.177293,,0.0,OPEN
0.704858,Lazio,3.15,,,,0.343424,2026-03-08T12:09:38.074934Z,NO_BET,-0.304206,4.5272,u3,Juventus,draw,3.15,,0.220887,,0.0,OPEN
0.847105,Milan,3.05,,,,0.36655,2026-03-08T12:09:38.075485Z,NO_BET,-0.388579,4.9884,u2,Napoli,away,3.05,,0.200466,,0.0,OPEN
0.704858,Lazio,3.75,,,,0.319599,2026-03-08T12:09:38.076040Z,NO_BET,-0.395027,6.1986,u3,Juventus,away,3.75,,0.161326,,0.0,OPEN
0.704858,Lazio,2.05,,,,0.782183,2026-03-08T12:16:56.530249Z,BET,0.266463,1.6187,u3,Juventus,home,2.05,,0.617787,,35.0,OPEN
0.847105,Milan,2.25,,,,0.721097,2026-03-08T12:16:56.530871Z,BET,0.194059,1.8843,u2,Napoli,home,2.25,,0.530693,,35.0,OPEN
0.821623,Roma,1.88,,,,0.662581,2026-03-08T12:16:56.531585Z,BET,0.107876,1.6969,u1,Inter,home,1.88,,0.589296,,30.65,OPEN
0.847105,Milan,3.25,,,,0.393899,2026-03-08T12:16:56.532327Z,NO_BET,-0.12627,3.7197,u2,Napoli,draw,3.25,,0.26884,,0.0,OPEN
0.821623,Roma,3.55,,,,0.374121,2026-03-08T12:16:56.532970Z,NO_BET,-0.171391,4.2843,u1,Inter,draw,3.55,,0.233411,,0.0,OPEN
0.821623,Roma,4.4,,,,0.351674,2026-03-08T12:16:56.533676Z,NO_BET,-0.219911,5.6404,u1,Inter,away,4.4,,0.177293,,0.0,OPEN
0.704858,Lazio,3.15,,,,0.343424,2026-03-08T12:16:56.534349Z,NO_BET,-0.304206,4.5272,u3,Juventus,draw,3.15,,0.220887,,0.0,OPEN
0.847105,Milan,3.05,,,,0.36655,2026-03-08T12:16:56.534989Z,NO_BET,-0.388579,4.9884,u2,Napoli,away,3.05,,0.200466,,0.0,OPEN
0.704858,Lazio,3.75,,,,0.319599,2026-03-08T12:16:56.535755Z,NO_BET,-0.395027,6.1986,u3,Juventus,away,3.75,,0.161326,,0.0,OPEN
0.704858,Lazio,2.05,,,,0.782183,2026-03-08T12:16:56.672027Z,BET,0.266463,1.6187,u3,Juventus,home,2.05,,0.617787,,35.0,OPEN
0.847105,Milan,2.25,,,,0.721097,2026-03-08T12:16:56.672876Z,BET,0.194059,1.8843,u2,Napoli,home,2.25,,0.530693,,35.0,OPEN
0.821623,Roma,1.88,,,,0.662581,2026-03-08T12:16:56.673641Z,BET,0.107876,1.6969,u1,Inter,home,1.88,,0.589296,,30.65,OPEN
0.847105,Milan,3.25,,,,0.393899,2026-03-08T12:16:56.674412Z,NO_BET,-0.12627,3.7197,u2,Napoli,draw,3.25,,0.26884,,0.0,OPEN
0.821623,Roma,3.55,,,,0.374121,2026-03-08T12:16:56.675177Z,NO_BET,-0.171391,4.2843,u1,Inter,draw,3.55,,0.233411,,0.0,OPEN
0.821623,Roma,4.4,,,,0.351674,2026-03-08T12:16:56.676009Z,NO_BET,-0.219911,5.6404,u1,Inter,away,4.4,,0.177293,,0.0,OPEN
0.704858,Lazio,3.15,,,,0.343424,2026-03-08T12:16:56.676833Z,NO_BET,-0.304206,4.5272,u3,Juventus,draw,3.15,,0.220887,,0.0,OPEN
0.847105,Milan,3.05,,,,0.36655,2026-03-08T12:16:56.677652Z,NO_BET,-0.388579,4.9884,u2,Napoli,away,3.05,,0.200466,,0.0,OPEN
0.704858,Lazio,3.75,,,,0.319599,2026-03-08T12:16:56.678549Z,NO_BET,-0.395027,6.1986,u3,Juventus,away,3.75,,0.161326,,0.0,OPEN
0.704858,Lazio,2.05,,,,0.782183,2026-03-08T12:24:51.689823Z,BET,0.266463,1.6187,u3,Juventus,home,2.05,,0.617787,,35.0,OPEN
0.847105,Milan,2.25,,,,0.721097,2026-03-08T12:24:51.690797Z,BET,0.194059,1.8843,u2,Napoli,home,2.25,,0.530693,,35.0,OPEN
0.821623,Roma,1.88,,,,0.662581,2026-03-08T12:24:51.691714Z,BET,0.107876,1.6969,u1,Inter,home,1.88,,0.589296,,30.65,OPEN
0.847105,Milan,3.25,,,,0.393899,2026-03-08T12:24:51.692640Z,NO_BET,-0.12627,3.7197,u2,Napoli,draw,3.25,,0.26884,,0.0,OPEN
0.821623,Roma,3.55,,,,0.374121,2026-03-08T12:24:51.693626Z,NO_BET,-0.171391,4.2843,u1,Inter,draw,3.55,,0.233411,,0.0,OPEN
0.821623,Roma,4.4,,,,0.351674,2026-03-08T12:24:51.694579Z,NO_BET,-0.219911,5.6404,u1,Inter,away,4.4,,0.177293,,0.0,OPEN
0.704858,Lazio,3.15,,,,0.343424,2026-03-08T12:24:51.695543Z,NO_BET,-0.304206,4.5272,u3,Juventus,draw,3.15,,0.220887,,0.0,OPEN
0.847105,Milan,3.05,,,,0.36655,2026-03-08T12:24:51.696623Z,NO_BET,-0.388579,4.9884,u2,Napoli,away,3.05,,0.200466,,0.0,OPEN
0.704858,Lazio,3.75,,,,0.319599,2026-03-08T12:24:51.697631Z,NO_BET,-0.395027,6.1986,u3,Juventus,away,3.75,,0.161326,,0.0,OPEN
0.704858,Lazio,2.05,,,,0.782183,2026-03-08T12:24:51.786925Z,BET,0.266463,1.6187,u3,Juventus,home,2.05,,0.617787,,35.0,OPEN
0.847105,Milan,2.25,,,,0.721097,2026-03-08T12:24:51.788016Z,BET,0.194059,1.8843,u2,Napoli,home,2.25,,0.530693,,35.0,OPEN
0.821623,Roma,1.88,,,,0.662581,2026-03-08T12:24:51.789076Z,BET,0.107876,1.6969,u1,Inter,home,1.88,,0.589296,,30.65,OPEN
0.847105,Milan,3.25,,,,0.393899,2026-03-08T12:24:51.790160Z,NO_BET,-0.12627,3.7197,u2,Napoli,draw,3.25,,0.26884,,0.0,OPEN
0.821623,Roma,3.55,,,,0.374121,2026-03-08T12:24:51.791251Z,NO_BET,-0.171391,4.2843,u1,Inter,draw,3.55,,0.233411,,0.0,OPEN
0.821623,Roma,4.4,,,,0.351674,2026-03-08T12:24:51.792359Z,NO_BET,-0.219911,5.6404,u1,Inter,away,4.4,,0.177293,,0.0,OPEN
0.704858,Lazio,3.15,,,,0.343424,2026-03-08T12:24:51.793493Z,NO_BET,-0.304206,4.5272,u3,Juventus,draw,3.15,,0.220887,,0.0,OPEN
0.847105,Milan,3.05,,,,0.36655,2026-03-08T12:24:51.794631Z,NO_BET,-0.388579,4.9884,u2,Napoli,away,3.05,,0.200466,,0.0,OPEN
0.704858,Lazio,3.75,,,,0.319599,2026-03-08T12:24:51.795792Z,NO_BET,-0.395027,6.1986,u3,Juventus,away,3.75,,0.161326,,0.0,OPEN
0.704858,Lazio,2.05,,,,0.782183,2026-03-08T12:46:57.490415Z,BET,0.266463,1.6187,u3,Juventus,home,2.05,,0.617787,,35.0,OPEN
0.847105,Milan,2.25,,,,0.721097,2026-03-08T12:46:57.491714Z,BET,0.194059,1.8843,u2,Napoli,home,2.25,,0.530693,,35.0,OPEN
0.821623,Roma,1.88,,,,0.662581,2026-03-08T12:46:57.493152Z,BET,0.107876,1.6969,u1,Inter,home,1.88,,0.589296,,30.65,OPEN
0.847105,Milan,3.25,,,,0.393899,2026-03-08T12:46:57.494396Z,NO_BET,-0.12627,3.7197,u2,Napoli,draw,3.25,,0.26884,,0.0,OPEN
0.821623,Roma,3.55,,,,0.374121,2026-03-08T12:46:57.495754Z,NO_BET,-0.171391,4.2843,u1,Inter,draw,3.55,,0.233411,,0.0,OPEN
0.821623,Roma,4.4,,,,0.351674,2026-03-08T12:46:57.497119Z,NO_BET,-0.219911,5.6404,u1,Inter,away,4.4,,0.177293,,0.0,OPEN
0.704858,Lazio,3.15,,,,0.343424,2026-03-08T12:46:57.498469Z,NO_BET,-0.304206,4.5272,u3,Juventus,draw,3.15,,0.220887,,0.0,OPEN
0.847105,Milan,3.05,,,,0.36655,2026-03-08T12:46:57.499873Z,NO_BET,-0.388579,4.9884,u2,Napoli,away,3.05,,0.200466,,0.0,OPEN
0.704858,Lazio,3.75,,,,0.319599,2026-03-08T12:46:57.501201Z,NO_BET,-0.395027,6.1986,u3,Juventus,away,3.75,,0.161326,,0.0,OPEN
0.704858,Lazio,2.05,,,,0.782183,2026-03-08T12:46:57.600024Z,BET,0.266463,1.6187,u3,Juventus,home,2.05,,0.617787,,35.0,OPEN
0.847105,Milan,2.25,,,,0.721097,2026-03-08T12:46:57.601460Z,BET,0.194059,1.8843,u2,Napoli,home,2.25,,0.530693,,35.0,OPEN
0.821623,Roma,1.88,,,,0.662581,2026-03-08T12:46:57.602937Z,BET,0.107876,1.6969,u1,Inter,home,1.88,,0.589296,,30.65,OPEN
0.847105,Milan,3.25,,,,0.393899,2026-03-08T12:46:57.604487Z,NO_BET,-0.12627,3.7197,u2,Napoli,draw,3.25,,0.26884,,0.0,OPEN
0.821623,Roma,3.55,,,,0.374121,2026-03-08T12:46:57.605909Z,NO_BET,-0.171391,4.2843,u1,Inter,draw,3.55,,0.233411,,0.0,OPEN
0.821623,Roma,4.4,,,,0.351674,2026-03-08T12:46:57.607334Z,NO_BET,-0.219911,5.6404,u1,Inter,away,4.4,,0.177293,,0.0,OPEN
0.704858,Lazio,3.15,,,,0.343424,2026-03-08T12:46:57.608812Z,NO_BET,-0.304206,4.5272,u3,Juventus,draw,3.15,,0.220887,,0.0,OPEN
0.847105,Milan,3.05,,,,0.36655,2026-03-08T12:46:57.610290Z,NO_BET,-0.388579,4.9884,u2,Napoli,away,3.05,,0.200466,,0.0,OPEN
0.704858,Lazio,3.75,,,,0.319599,2026-03-08T12:46:57.611781Z,NO_BET,-0.395027,6.1986,u3,Juventus,away,3.75,,0.161326,,0.0,OPEN
0.704858,Lazio,2.05,,,,0.782183,2026-03-08T13:36:11.667435Z,BET,0.266463,1.6187,u3,Juventus,home,2.05,,0.617787,,35.0,OPEN
0.847105,Milan,2.25,,,,0.721097,2026-03-08T13:36:11.669146Z,BET,0.194059,1.8843,u2,Napoli,home,2.25,,0.530693,,35.0,OPEN
0.821623,Roma,1.88,,,,0.662581,2026-03-08T13:36:11.670767Z,BET,0.107876,1.6969,u1,Inter,home,1.88,,0.589296,,30.65,OPEN
0.847105,Milan,3.25,,,,0.393899,2026-03-08T13:36:11.672409Z,NO_BET,-0.12627,3.7197,u2,Napoli,draw,3.25,,0.26884,,0.0,OPEN
0.821623,Roma,3.55,,,,0.374121,2026-03-08T13:36:11.674100Z,NO_BET,-0.171391,4.2843,u1,Inter,draw,3.55,,0.233411,,0.0,OPEN
0.821623,Roma,4.4,,,,0.351674,2026-03-08T13:36:11.675766Z,NO_BET,-0.219911,5.6404,u1,Inter,away,4.4,,0.177293,,0.0,OPEN
0.704858,Lazio,3.15,,,,0.343424,2026-03-08T13:36:11.677430Z,NO_BET,-0.304206,4.5272,u3,Juventus,draw,3.15,,0.220887,,0.0,OPEN
0.847105,Milan,3.05,,,,0.36655,2026-03-08T13:36:11.679152Z,NO_BET,-0.388579,4.9884,u2,Napoli,away,3.05,,0.200466,,0.0,OPEN
0.704858,Lazio,3.75,,,,0.319599,2026-03-08T13:36:11.680871Z,NO_BET,-0.395027,6.1986,u3,Juventus,away,3.75,,0.161326,,0.0,OPEN
0.704858,Lazio,2.05,,,,0.782183,2026-03-08T13:36:11.761781Z,BET,0.266463,1.6187,u3,Juventus,home,2.05,,0.617787,,35.0,OPEN
0.847105,Milan,2.25,,,,0.721097,2026-03-08T13:36:11.763563Z,BET,0.194059,1.8843,u2,Napoli,home,2.25,,0.530693,,35.0,OPEN
0.821623,Roma,1.88,,,,0.662581,2026-03-08T13:36:11.765330Z,BET,0.107876,1.6969,u1,Inter,home,1.88,,0.589296,,30.65,OPEN
0.847105,Milan,3.25,,,,0.393899,2026-03-08T13:36:11.767093Z,NO_BET,-0.12627,3.7197,u2,Napoli,draw,3.25,,0.26884,,0.0,OPEN
0.821623,Roma,3.55,,,,0.374121,2026-03-08T13:36:11.768860Z,NO_BET,-0.171391,4.2843,u1,Inter,draw,3.55,,0.233411,,0.0,OPEN
0.821623,Roma,4.4,,,,0.351674,2026-03-08T13:36:11.770622Z,NO_BET,-0.219911,5.6404,u1,Inter,away,4.4,,0.177293,,0.0,OPEN
0.704858,Lazio,3.15,,,,0.343424,2026-03-08T13:36:11.772416Z,NO_BET,-0.304206,4.5272,u3,Juventus,draw,3.15,,0.220887,,0.0,OPEN
0.847105,Milan,3.05,,,,0.36655,2026-03-08T13:36:11.774226Z,NO_BET,-0.388579,4.9884,u2,Napoli,away,3.05,,0.200466,,0.0,OPEN
0.704858,Lazio,3.75,,,,0.319599,2026-03-08T13:36:11.776085Z,NO_BET,-0.395027,6.1986,u3,Juventus,away,3.75,,0.161326,,0.0,OPEN
0.704858,Lazio,2.05,,,,0.782183,2026-03-08T13:56:07.475894Z,BET,0.266463,1.6187,u3,Juventus,home,2.05,,0.617787,,35.0,OPEN
0.847105,Milan,2.25,,,,0.721097,2026-03-08T13:56:07.477909Z,BET,0.194059,1.8843,u2,Napoli,home,2.25,,0.530693,,35.0,OPEN
0.821623,Roma,1.88,,,,0.662581,2026-03-08T13:56:07.479863Z,BET,0.107876,1.6969,u1,Inter,home,1.88,,0.589296,,30.65,OPEN
0.847105,Milan,3.25,,,,0.393899,2026-03-08T13:56:07.481832Z,NO_BET,-0.12627,3.7197,u2,Napoli,draw,3.25,,0.26884,,0.0,OPEN
0.821623,Roma,3.55,,,,0.374121,2026-03-08T13:56:07.483793Z,NO_BET,-0.171391,4.2843,u1,Inter,draw,3.55,,0.233411,,0.0,OPEN
0.821623,Roma,4.4,,,,0.351674,2026-03-08T13:56:07.485776Z,NO_BET,-0.219911,5.6404,u1,Inter,away,4.4,,0.177293,,0.0,OPEN
0.704858,Lazio,3.15,,,,0.343424,2026-03-08T13:56:07.487775Z,NO_BET,-0.304206,4.5272,u3,Juventus,draw,3.15,,0.220887,,0.0,OPEN
0.847105,Milan,3.05,,,,0.36655,2026-03-08T13:56:07.489796Z,NO_BET,-0.388579,4.9884,u2,Napoli,away,3.05,,0.200466,,0.0,OPEN
0.704858,Lazio,3.75,,,,0.319599,2026-03-08T13:56:07.491901Z,NO_BET,-0.395027,6.1986,u3,Juventus,away,3.75,,0.161326,,0.0,OPEN
0.704858,Lazio,2.05,,,,0.782183,2026-03-08T13:56:07.589504Z,BET,0.266463,1.6187,u3,Juventus,home,2.05,,0.617787,,35.0,OPEN
0.847105,Milan,2.25,,,,0.721097,2026-03-08T13:56:07.591652Z,BET,0.194059,1.8843,u2,Napoli,home,2.25,,0.530693,,35.0,OPEN
0.821623,Roma,1.88,,,,0.662581,2026-03-08T13:56:07.593739Z,BET,0.107876,1.6969,u1,Inter,home,1.88,,0.589296,,30.65,OPEN
0.847105,Milan,3.25,,,,0.393899,2026-03-08T13:56:07.598673Z,NO_BET,-0.12627,3.7197,u2,Napoli,draw,3.25,,0.26884,,0.0,OPEN
0.821623,Roma,3.55,,,,0.374121,2026-03-08T13:56:07.600777Z,NO_BET,-0.171391,4.2843,u1,Inter,draw,3.55,,0.233411,,0.0,OPEN
0.821623,Roma,4.4,,,,0.351674,2026-03-08T13:56:07.602928Z,NO_BET,-0.219911,5.6404,u1,Inter,away,4.4,,0.177293,,0.0,OPEN
0.704858,Lazio,3.15,,,,0.343424,2026-03-08T13:56:07.605080Z,NO_BET,-0.304206,4.5272,u3,Juventus,draw,3.15,,0.220887,,0.0,OPEN
0.847105,Milan,3.05,,,,0.36655,2026-03-08T13:56:07.607252Z,NO_BET,-0.388579,4.9884,u2,Napoli,away,3.05,,0.200466,,0.0,OPEN
0.704858,Lazio,3.75,,,,0.319599,2026-03-08T13:56:07.609446Z,NO_BET,-0.395027,6.1986,u3,Juventus,away,3.75,,0.161326,,0.0,OPEN
0.704858,Lazio,2.05,,,,0.782183,2026-03-08T14:53:56.616702Z,BET,0.266463,1.6187,u3,Juventus,home,2.05,,0.617787,,35.0,OPEN
0.847105,Milan,2.25,,,,0.721097,2026-03-08T14:53:56.619122Z,BET,0.194059,1.8843,u2,Napoli,home,2.25,,0.530693,,35.0,OPEN
0.821623,Roma,1.88,,,,0.662581,2026-03-08T14:53:56.621416Z,BET,0.107876,1.6969,u1,Inter,home,1.88,,0.589296,,30.65,OPEN
0.847105,Milan,3.25,,,,0.393899,2026-03-08T14:53:56.623736Z,NO_BET,-0.12627,3.7197,u2,Napoli,draw,3.25,,0.26884,,0.0,OPEN
0.821623,Roma,3.55,,,,0.374121,2026-03-08T14:53:56.626012Z,NO_BET,-0.171391,4.2843,u1,Inter,draw,3.55,,0.233411,,0.0,OPEN
0.821623,Roma,4.4,,,,0.351674,2026-03-08T14:53:56.628329Z,NO_BET,-0.219911,5.6404,u1,Inter,away,4.4,,0.177293,,0.0,OPEN
0.704858,Lazio,3.15,,,,0.343424,2026-03-08T14:53:56.630734Z,NO_BET,-0.304206,4.5272,u3,Juventus,draw,3.15,,0.220887,,0.0,OPEN
0.847105,Milan,3.05,,,,0.36655,2026-03-08T14:53:56.633071Z,NO_BET,-0.388579,4.9884,u2,Napoli,away,3.05,,0.200466,,0.0,OPEN
0.704858,Lazio,3.75,,,,0.319599,2026-03-08T14:53:56.635631Z,NO_BET,-0.395027,6.1986,u3,Juventus,away,3.75,,0.161326,,0.0,OPEN
0.704858,Lazio,2.05,,,,0.782183,2026-03-08T14:53:56.791495Z,BET,0.266463,1.6187,u3,Juventus,home,2.05,,0.617787,,35.0,OPEN
0.847105,Milan,2.25,,,,0.721097,2026-03-08T14:53:56.794051Z,BET,0.194059,1.8843,u2,Napoli,home,2.25,,0.530693,,35.0,OPEN
0.821623,Roma,1.88,,,,0.662581,2026-03-08T14:53:56.796448Z,BET,0.107876,1.6969,u1,Inter,home,1.88,,0.589296,,30.65,OPEN
0.847105,Milan,3.25,,,,0.393899,2026-03-08T14:53:56.798889Z,NO_BET,-0.12627,3.7197,u2,Napoli,draw,3.25,,0.26884,,0.0,OPEN
0.821623,Roma,3.55,,,,0.374121,2026-03-08T14:53:56.801360Z,NO_BET,-0.171391,4.2843,u1,Inter,draw,3.55,,0.233411,,0.0,OPEN
0.821623,Roma,4.4,,,,0.351674,2026-03-08T14:53:56.803835Z,NO_BET,-0.219911,5.6404,u1,Inter,away,4.4,,0.177293,,0.0,OPEN
0.704858,Lazio,3.15,,,,0.343424,2026-03-08T14:53:56.806295Z,NO_BET,-0.304206,4.5272,u3,Juventus,draw,3.15,,0.220887,,0.0,OPEN
0.847105,Milan,3.05,,,,0.36655,2026-03-08T14:53:56.808783Z,NO_BET,-0.388579,4.9884,u2,Napoli,away,3.05,,0.200466,,0.0,OPEN
0.704858,Lazio,3.75,,,,0.319599,2026-03-08T14:53:56.811390Z,NO_BET,-0.395027,6.1986,u3,Juventus,away,3.75,,0.161326,,0.0,OPEN
0.704858,Lazio,2.05,,,,0.782183,2026-03-08T15:07:32.212872Z,BET,0.266463,1.6187,u3,Juventus,home,2.05,,0.617787,,35.0,OPEN
0.847105,Milan,2.25,,,,0.721097,2026-03-08T15:07:32.216012Z,BET,0.194059,1.8843,u2,Napoli,home,2.25,,0.530693,,35.0,OPEN
0.821623,Roma,1.88,,,,0.662581,2026-03-08T15:07:32.219077Z,BET,0.107876,1.6969,u1,Inter,home,1.88,,0.589296,,30.65,OPEN
0.847105,Milan,3.25,,,,0.393899,2026-03-08T15:07:32.222277Z,NO_BET,-0.12627,3.7197,u2,Napoli,draw,3.25,,0.26884,,0.0,OPEN
0.821623,Roma,3.55,,,,0.374121,2026-03-08T15:07:32.225493Z,NO_BET,-0.171391,4.2843,u1,Inter,draw,3.55,,0.233411,,0.0,OPEN
0.821623,Roma,4.4,,,,0.351674,2026-03-08T15:07:32.228608Z,NO_BET,-0.219911,5.6404,u1,Inter,away,4.4,,0.177293,,0.0,OPEN
0.704858,Lazio,3.15,,,,0.343424,2026-03-08T15:07:32.231832Z,NO_BET,-0.304206,4.5272,u3,Juventus,draw,3.15,,0.220887,,0.0,OPEN
0.847105,Milan,3.05,,,,0.36655,2026-03-08T15:07:32.235020Z,NO_BET,-0.388579,4.9884,u2,Napoli,away,3.05,,0.200466,,0.0,OPEN
0.704858,Lazio,3.75,,,,0.319599,2026-03-08T15:07:32.238213Z,NO_BET,-0.395027,6.1986,u3,Juventus,away,3.75,,0.161326,,0.0,OPEN
0.704858,Lazio,2.05,,,,0.782183,2026-03-08T15:07:32.369172Z,BET,0.266463,1.6187,u3,Juventus,home,2.05,,0.617787,,35.0,OPEN
0.847105,Milan,2.25,,,,0.721097,2026-03-08T15:07:32.372152Z,BET,0.194059,1.8843,u2,Napoli,home,2.25,,0.530693,,35.0,OPEN
0.821623,Roma,1.88,,,,0.662581,2026-03-08T15:07:32.375117Z,BET,0.107876,1.6969,u1,Inter,home,1.88,,0.589296,,30.65,OPEN
0.847105,Milan,3.25,,,,0.393899,2026-03-08T15:07:32.378084Z,NO_BET,-0.12627,3.7197,u2,Napoli,draw,3.25,,0.26884,,0.0,OPEN
0.821623,Roma,3.55,,,,0.374121,2026-03-08T15:07:32.381076Z,NO_BET,-0.171391,4.2843,u1,Inter,draw,3.55,,0.233411,,0.0,OPEN
0.821623,Roma,4.4,,,,0.351674,2026-03-08T15:07:32.384059Z,NO_BET,-0.219911,5.6404,u1,Inter,away,4.4,,0.177293,,0.0,OPEN
0.704858,Lazio,3.15,,,,0.343424,2026-03-08T15:07:32.387076Z,NO_BET,-0.304206,4.5272,u3,Juventus,draw,3.15,,0.220887,,0.0,OPEN
0.847105,Milan,3.05,,,,0.36655,2026-03-08T15:07:32.390209Z,NO_BET,-0.388579,4.9884,u2,Napoli,away,3.05,,0.200466,,0.0,OPEN
0.704858,Lazio,3.75,,,,0.319599,2026-03-08T15:07:32.393256Z,NO_BET,-0.395027,6.1986,u3,Juventus,away,3.75,,0.161326,,0.0,OPEN
0.719416,Lazio,2.05,,,,0.728091,2026-04-27T16:13:03.601990Z,BET,0.193176,1.7181,u3,Juventus,home,2.05,,0.582037,,35.0,OPEN
0.845167,Milan,2.25,,,,0.666982,2026-04-27T16:13:03.607559Z,BET,0.140766,1.9724,u2,Napoli,home,2.25,,0.507007,,28.15,OPEN
0.835337,Roma,1.88,,,,0.635214,2026-04-27T16:13:03.617162Z,BET,0.082675,1.7364,u1,Inter,home,1.88,,0.575891,,20.0,OPEN
0.845167,Milan,3.25,,,,0.40629,2026-04-27T16:13:03.625039Z,NO_BET,-0.06491,3.4756,u2,Napoli,draw,3.25,,0.28772,,0.0,OPEN
0.835337,Roma,3.55,,,,0.384157,2026-04-27T16:13:03.630572Z,NO_BET,-0.109099,3.9847,u1,Inter,draw,3.55,,0.250958,,0.0,OPEN
0.835337,Roma,4.4,,,,0.353034,2026-04-27T16:13:03.636253Z,NO_BET,-0.238136,5.7753,u1,Inter,away,4.4,,0.173151,,0.0,OPEN
0.719416,Lazio,3.15,,,,0.354303,2026-04-27T16:13:03.642418Z,NO_BET,-0.243754,4.1653,u3,Juventus,draw,3.15,,0.240078,,0.0,OPEN
0.719416,Lazio,3.75,,,,0.329426,2026-04-27T16:13:03.648381Z,NO_BET,-0.332931,5.6216,u3,Juventus,away,3.75,,0.177885,,0.0,OPEN
0.845167,Milan,3.05,,,,0.368046,2026-04-27T16:13:03.656629Z,NO_BET,-0.373917,4.8716,u2,Napoli,away,3.05,,0.205273,,0.0,OPEN
0.719416,Lazio,2.05,,,,0.728091,2026-04-27T16:13:03.770043Z,BET,0.193176,1.7181,u3,Juventus,home,2.05,,0.582037,,35.0,OPEN
0.845167,Milan,2.25,,,,0.666982,2026-04-27T16:13:03.778050Z,BET,0.140766,1.9724,u2,Napoli,home,2.25,,0.507007,,28.15,OPEN
0.835337,Roma,1.88,,,,0.635214,2026-04-27T16:13:03.786274Z,BET,0.082675,1.7364,u1,Inter,home,1.88,,0.575891,,20.0,OPEN
0.845167,Milan,3.25,,,,0.40629,2026-04-27T16:13:03.794372Z,NO_BET,-0.06491,3.4756,u2,Napoli,draw,3.25,,0.28772,,0.0,OPEN
0.835337,Roma,3.55,,,,0.384157,2026-04-27T16:13:03.799993Z,NO_BET,-0.109099,3.9847,u1,Inter,draw,3.55,,0.250958,,0.0,OPEN
0.835337,Roma,4.4,,,,0.353034,2026-04-27T16:13:03.806009Z,NO_BET,-0.238136,5.7753,u1,Inter,away,4.4,,0.173151,,0.0,OPEN
0.719416,Lazio,3.15,,,,0.354303,2026-04-27T16:13:03.813823Z,NO_BET,-0.243754,4.1653,u3,Juventus,draw,3.15,,0.240078,,0.0,OPEN
0.719416,Lazio,3.75,,,,0.329426,2026-04-27T16:13:03.821794Z,NO_BET,-0.332931,5.6216,u3,Juventus,away,3.75,,0.177885,,0.0,OPEN
0.845167,Milan,3.05,,,,0.368046,2026-04-27T16:13:03.827995Z,NO_BET,-0.373917,4.8716,u2,Napoli,away,3.05,,0.205273,,0.0,OPEN
0.719416,Lazio,2.05,,,,0.728091,2026-04-28T05:56:16.888978Z,BET,0.193176,1.7181,u3,Juventus,home,2.05,,0.582037,,35.0,OPEN
0.845167,Milan,2.25,,,,0.666982,2026-04-28T05:56:16.895496Z,BET,0.140766,1.9724,u2,Napoli,home,2.25,,0.507007,,28.15,OPEN
0.835337,Roma,1.88,,,,0.635214,2026-04-28T05:56:16.900706Z,BET,0.082675,1.7364,u1,Inter,home,1.88,,0.575891,,20.0,OPEN
0.845167,Milan,3.25,,,,0.40629,2026-04-28T05:56:16.905997Z,NO_BET,-0.06491,3.4756,u2,Napoli,draw,3.25,,0.28772,,0.0,OPEN
0.835337,Roma,3.55,,,,0.384157,2026-04-28T05:56:16.910965Z,NO_BET,-0.109099,3.9847,u1,Inter,draw,3.55,,0.250958,,0.0,OPEN
0.835337,Roma,4.4,,,,0.353034,2026-04-28T05:56:16.916542Z,NO_BET,-0.238136,5.7753,u1,Inter,away,4.4,,0.173151,,0.0,OPEN
0.719416,Lazio,3.15,,,,0.354303,2026-04-28T05:56:16.921426Z,NO_BET,-0.243754,4.1653,u3,Juventus,draw,3.15,,0.240078,,0.0,OPEN
0.719416,Lazio,3.75,,,,0.329426,2026-04-28T05:56:16.926365Z,NO_BET,-0.332931,5.6216,u3,Juventus,away,3.75,,0.177885,,0.0,OPEN
0.845167,Milan,3.05,,,,0.368046,2026-04-28T05:56:16.931380Z,NO_BET,-0.373917,4.8716,u2,Napoli,away,3.05,,0.205273,,0.0,OPEN
0.719416,Lazio,2.05,,,,0.728091,2026-04-28T05:56:16.981603Z,BET,0.193176,1.7181,u3,Juventus,home,2.05,,0.582037,,35.0,OPEN
0.845167,Milan,2.25,,,,0.666982,2026-04-28T05:56:16.987461Z,BET,0.140766,1.9724,u2,Napoli,home,2.25,,0.507007,,28.15,OPEN
0.835337,Roma,1.88,,,,0.635214,2026-04-28T05:56:16.992471Z,BET,0.082675,1.7364,u1,Inter,home,1.88,,0.575891,,20.0,OPEN
0.845167,Milan,3.25,,,,0.40629,2026-04-28T05:56:16.997339Z,NO_BET,-0.06491,3.4756,u2,Napoli,draw,3.25,,0.28772,,0.0,OPEN
0.835337,Roma,3.55,,,,0.384157,2026-04-28T05:56:17.002457Z,NO_BET,-0.109099,3.9847,u1,Inter,draw,3.55,,0.250958,,0.0,OPEN
0.835337,Roma,4.4,,,,0.353034,2026-04-28T05:56:17.007300Z,NO_BET,-0.238136,5.7753,u1,Inter,away,4.4,,0.173151,,0.0,OPEN
0.719416,Lazio,3.15,,,,0.354303,2026-04-28T05:56:17.012522Z,NO_BET,-0.243754,4.1653,u3,Juventus,draw,3.15,,0.240078,,0.0,OPEN
0.719416,Lazio,3.75,,,,0.329426,2026-04-28T05:56:17.017706Z,NO_BET,-0.332931,5.6216,u3,Juventus,away,3.75,,0.177885,,0.0,OPEN
0.845167,Milan,3.05,,,,0.368046,2026-04-28T05:56:17.022773Z,NO_BET,-0.373917,4.8716,u2,Napoli,away,3.05,,0.205273,,0.0,OPEN
0.719416,Lazio,2.05,,,,0.728091,2026-04-28T05:56:35.450246Z,BET,0.193176,1.7181,u3,Juventus,home,2.05,,0.582037,,35.0,OPEN
0.845167,Milan,2.25,,,,0.666982,2026-04-28T05:56:35.463877Z,BET,0.140766,1.9724,u2,Napoli,home,2.25,,0.507007,,28.15,OPEN
0.835337,Roma,1.88,,,,0.635214,2026-04-28T05:56:35.477486Z,BET,0.082675,1.7364,u1,Inter,home,1.88,,0.575891,,20.0,OPEN
0.845167,Milan,3.25,,,,0.40629,2026-04-28T05:56:35.492019Z,NO_BET,-0.06491,3.4756,u2,Napoli,draw,3.25,,0.28772,,0.0,OPEN
0.835337,Roma,3.55,,,,0.384157,2026-04-28T05:56:35.506018Z,NO_BET,-0.109099,3.9847,u1,Inter,draw,3.55,,0.250958,,0.0,OPEN
0.835337,Roma,4.4,,,,0.353034,2026-04-28T05:56:35.520113Z,NO_BET,-0.238136,5.7753,u1,Inter,away,4.4,,0.173151,,0.0,OPEN
0.719416,Lazio,3.15,,,,0.354303,2026-04-28T05:56:35.534334Z,NO_BET,-0.243754,4.1653,u3,Juventus,draw,3.15,,0.240078,,0.0,OPEN
0.719416,Lazio,3.75,,,,0.329426,2026-04-28T05:56:35.548330Z,NO_BET,-0.332931,5.6216,u3,Juventus,away,3.75,,0.177885,,0.0,OPEN
0.845167,Milan,3.05,,,,0.368046,2026-04-28T05:56:35.562405Z,NO_BET,-0.373917,4.8716,u2,Napoli,away,3.05,,0.205273,,0.0,OPEN
0.719416,Lazio,2.05,,,,0.728091,2026-04-28T05:56:35.651048Z,BET,0.193176,1.7181,u3,Juventus,home,2.05,,0.582037,,35.0,OPEN
0.845167,Milan,2.25,,,,0.666982,2026-04-28T05:56:35.665747Z,BET,0.140766,1.9724,u2,Napoli,home,2.25,,0.507007,,28.15,OPEN
0.835337,Roma,1.88,,,,0.635214,2026-04-28T05:56:35.680106Z,BET,0.082675,1.7364,u1,Inter,home,1.88,,0.575891,,20.0,OPEN
0.845167,Milan,3.25,,,,0.40629,2026-04-28T05:56:35.694791Z,NO_BET,-0.06491,3.4756,u2,Napoli,draw,3.25,,0.28772,,0.0,OPEN
0.835337,Roma,3.55,,,,0.384157,2026-04-28T05:56:35.709556Z,NO_BET,-0.109099,3.9847,u1,Inter,draw,3.55,,0.250958,,0.0,OPEN
0.835337,Roma,4.4,,,,0.353034,2026-04-28T05:56:35.724297Z,NO_BET,-0.238136,5.7753,u1,Inter,away,4.4,,0.173151,,0.0,OPEN
0.719416,Lazio,3.15,,,,0.354303,2026-04-28T05:56:35.739435Z,NO_BET,-0.243754,4.1653,u3,Juventus,draw,3.15,,0.240078,,0.0,OPEN
0.719416,Lazio,3.75,,,,0.329426,2026-04-28T05:56:35.754403Z,NO_BET,-0.332931,5.6216,u3,Juventus,away,3.75,,0.177885,,0.0,OPEN
0.845167,Milan,3.05,,,,0.368046,2026-04-28T05:56:35.769858Z,NO_BET,-0.373917,4.8716,u2,Napoli,away,3.05,,0.205273,,0.0,OPEN
0.719416,Lazio,2.05,,,,0.728091,2026-04-28T06:03:27.139050Z,BET,0.193176,1.7181,u3,Juventus,home,2.05,,0.582037,,35.0,OPEN
0.845167,Milan,2.25,,,,0.666982,2026-04-28T06:03:27.154373Z,BET,0.140766,1.9724,u2,Napoli,home,2.25,,0.507007,,28.15,OPEN
0.835337,Roma,1.88,,,,0.635214,2026-04-28T06:03:27.169088Z,BET,0.082675,1.7364,u1,Inter,home,1.88,,0.575891,,20.0,OPEN
0.845167,Milan,3.25,,,,0.40629,2026-04-28T06:03:27.183766Z,NO_BET,-0.06491,3.4756,u2,Napoli,draw,3.25,,0.28772,,0.0,OPEN
0.835337,Roma,3.55,,,,0.384157,2026-04-28T06:03:27.199008Z,NO_BET,-0.109099,3.9847,u1,Inter,draw,3.55,,0.250958,,0.0,OPEN
0.835337,Roma,4.4,,,,0.353034,2026-04-28T06:03:27.214406Z,NO_BET,-0.238136,5.7753,u1,Inter,away,4.4,,0.173151,,0.0,OPEN
0.719416,Lazio,3.15,,,,0.354303,2026-04-28T06:03:27.230227Z,NO_BET,-0.243754,4.1653,u3,Juventus,draw,3.15,,0.240078,,0.0,OPEN
0.719416,Lazio,3.75,,,,0.329426,2026-04-28T06:03:27.248293Z,NO_BET,-0.332931,5.6216,u3,Juventus,away,3.75,,0.177885,,0.0,OPEN
0.845167,Milan,3.05,,,,0.368046,2026-04-28T06:03:27.265535Z,NO_BET,-0.373917,4.8716,u2,Napoli,away,3.05,,0.205273,,0.0,OPEN
0.719416,Lazio,2.05,,,,0.728091,2026-04-28T06:03:27.364094Z,BET,0.193176,1.7181,u3,Juventus,home,2.05,,0.582037,,35.0,OPEN
0.845167,Milan,2.25,,,,0.666982,2026-04-28T06:03:27.380751Z,BET,0.140766,1.9724,u2,Napoli,home,2.25,,0.507007,,28.15,OPEN
0.835337,Roma,1.88,,,,0.635214,2026-04-28T06:03:27.396988Z,BET,0.082675,1.7364,u1,Inter,home,1.88,,0.575891,,20.0,OPEN
0.845167,Milan,3.25,,,,0.40629,2026-04-28T06:03:27.413226Z,NO_BET,-0.06491,3.4756,u2,Napoli,draw,3.25,,0.28772,,0.0,OPEN
0.835337,Roma,3.55,,,,0.384157,2026-04-28T06:03:27.429026Z,NO_BET,-0.109099,3.9847,u1,Inter,draw,3.55,,0.250958,,0.0,OPEN
0.835337,Roma,4.4,,,,0.353034,2026-04-28T06:03:27.444530Z,NO_BET,-0.238136,5.7753,u1,Inter,away,4.4,,0.173151,,0.0,OPEN
0.719416,Lazio,3.15,,,,0.354303,2026-04-28T06:03:27.459982Z,NO_BET,-0.243754,4.1653,u3,Juventus,draw,3.15,,0.240078,,0.0,OPEN
0.719416,Lazio,3.75,,,,0.329426,2026-04-28T06:03:27.476327Z,NO_BET,-0.332931,5.6216,u3,Juventus,away,3.75,,0.177885,,0.0,OPEN
0.845167,Milan,3.05,,,,0.368046,2026-04-28T06:03:27.492978Z,NO_BET,-0.373917,4.8716,u2,Napoli,away,3.05,,0.205273,,0.0,OPEN
0.719416,Lazio,2.05,,,,0.728091,2026-04-28T10:13:53.133104Z,BET,0.193176,1.7181,u3,Juventus,home,2.05,,0.582037,,35.0,OPEN
0.845167,Milan,2.25,,,,0.666982,2026-04-28T10:13:53.153439Z,BET,0.140766,1.9724,u2,Napoli,home,2.25,,0.507007,,28.15,OPEN
0.835337,Roma,1.88,,,,0.635214,2026-04-28T10:13:53.174788Z,BET,0.082675,1.7364,u1,Inter,home,1.88,,0.575891,,20.0,OPEN
0.845167,Milan,3.25,,,,0.40629,2026-04-28T10:13:53.196863Z,NO_BET,-0.06491,3.4756,u2,Napoli,draw,3.25,,0.28772,,0.0,OPEN
0.835337,Roma,3.55,,,,0.384157,2026-04-28T10:13:53.215343Z,NO_BET,-0.109099,3.9847,u1,Inter,draw,3.55,,0.250958,,0.0,OPEN
0.835337,Roma,4.4,,,,0.353034,2026-04-28T10:13:53.233775Z,NO_BET,-0.238136,5.7753,u1,Inter,away,4.4,,0.173151,,0.0,OPEN
0.719416,Lazio,3.15,,,,0.354303,2026-04-28T10:13:53.252233Z,NO_BET,-0.243754,4.1653,u3,Juventus,draw,3.15,,0.240078,,0.0,OPEN
0.719416,Lazio,3.75,,,,0.329426,2026-04-28T10:13:53.270293Z,NO_BET,-0.332931,5.6216,u3,Juventus,away,3.75,,0.177885,,0.0,OPEN
0.845167,Milan,3.05,,,,0.368046,2026-04-28T10:13:53.288513Z,NO_BET,-0.373917,4.8716,u2,Napoli,away,3.05,,0.205273,,0.0,OPEN
0.719416,Lazio,2.05,,,,0.728091,2026-04-28T10:13:53.406828Z,BET,0.193176,1.7181,u3,Juventus,home,2.05,,0.582037,,35.0,OPEN
0.845167,Milan,2.25,,,,0.666982,2026-04-28T10:13:53.426326Z,BET,0.140766,1.9724,u2,Napoli,home,2.25,,0.507007,,28.15,OPEN
0.835337,Roma,1.88,,,,0.635214,2026-04-28T10:13:53.445015Z,BET,0.082675,1.7364,u1,Inter,home,1.88,,0.575891,,20.0,OPEN
0.845167,Milan,3.25,,,,0.40629,2026-04-28T10:13:53.463417Z,NO_BET,-0.06491,3.4756,u2,Napoli,draw,3.25,,0.28772,,0.0,OPEN
0.835337,Roma,3.55,,,,0.384157,2026-04-28T10:13:53.481803Z,NO_BET,-0.109099,3.9847,u1,Inter,draw,3.55,,0.250958,,0.0,OPEN
0.835337,Roma,4.4,,,,0.353034,2026-04-28T10:13:53.500427Z,NO_BET,-0.238136,5.7753,u1,Inter,away,4.4,,0.173151,,0.0,OPEN
0.719416,Lazio,3.15,,,,0.354303,2026-04-28T10:13:53.519203Z,NO_BET,-0.243754,4.1653,u3,Juventus,draw,3.15,,0.240078,,0.0,OPEN
0.719416,Lazio,3.75,,,,0.329426,2026-04-28T10:13:53.537951Z,NO_BET,-0.332931,5.6216,u3,Juventus,away,3.75,,0.177885,,0.0,OPEN
0.845167,Milan,3.05,,,,0.368046,2026-04-28T10:13:53.557208Z,NO_BET,-0.373917,4.8716,u2,Napoli,away,3.05,,0.205273,,0.0,OPEN
0.719416,Lazio,2.05,,,,0.728091,2026-04-28T10:16:47.679683Z,BET,0.193176,1.7181,u3,Juventus,home,2.05,,0.582037,,35.0,OPEN
0.845167,Milan,2.25,,,,0.666982,2026-04-28T10:16:47.699942Z,BET,0.140766,1.9724,u2,Napoli,home,2.25,,0.507007,,28.15,OPEN
0.835337,Roma,1.88,,,,0.635214,2026-04-28T10:16:47.720223Z,BET,0.082675,1.7364,u1,Inter,home,1.88,,0.575891,,20.0,OPEN
0.845167,Milan,3.25,,,,0.40629,2026-04-28T10:16:47.741231Z,NO_BET,-0.06491,3.4756,u2,Napoli,draw,3.25,,0.28772,,0.0,OPEN
0.835337,Roma,3.55,,,,0.384157,2026-04-28T10:16:47.762089Z,NO_BET,-0.109099,3.9847,u1,Inter,draw,3.55,,0.250958,,0.0,OPEN
0.835337,Roma,4.4,,,,0.353034,2026-04-28T10:16:47.783545Z,NO_BET,-0.238136,5.7753,u1,Inter,away,4.4,,0.173151,,0.0,OPEN
0.719416,Lazio,3.15,,,,0.354303,2026-04-28T10:16:47.804725Z,NO_BET,-0.243754,4.1653,u3,Juventus,draw,3.15,,0.240078,,0.0,OPEN
0.719416,Lazio,3.75,,,,0.329426,2026-04-28T10:16:47.826061Z,NO_BET,-0.332931,5.6216,u3,Juventus,away,3.75,,0.177885,,0.0,OPEN
0.845167,Milan,3.05,,,,0.368046,2026-04-28T10:16:47.846955Z,NO_BET,-0.373917,4.8716,u2,Napoli,away,3.05,,0.205273,,0.0,OPEN
0.719416,Lazio,2.05,,,,0.728091,2026-04-28T10:16:47.970308Z,BET,0.193176,1.7181,u3,Juventus,home,2.05,,0.582037,,35.0,OPEN
0.845167,Milan,2.25,,,,0.666982,2026-04-28T10:16:47.990942Z,BET,0.140766,1.9724,u2,Napoli,home,2.25,,0.507007,,28.15,OPEN
0.835337,Roma,1.88,,,,0.635214,2026-04-28T10:16:48.011314Z,BET,0.082675,1.7364,u1,Inter,home,1.88,,0.575891,,20.0,OPEN
0.845167,Milan,3.25,,,,0.40629,2026-04-28T10:16:48.033236Z,NO_BET,-0.06491,3.4756,u2,Napoli,draw,3.25,,0.28772,,0.0,OPEN
0.835337,Roma,3.55,,,,0.384157,2026-04-28T10:16:48.054574Z,NO_BET,-0.109099,3.9847,u1,Inter,draw,3.55,,0.250958,,0.0,OPEN
0.835337,Roma,4.4,,,,0.353034,2026-04-28T10:16:48.077320Z,NO_BET,-0.238136,5.7753,u1,Inter,away,4.4,,0.173151,,0.0,OPEN
0.719416,Lazio,3.15,,,,0.354303,2026-04-28T10:16:48.103701Z,NO_BET,-0.243754,4.1653,u3,Juventus,draw,3.15,,0.240078,,0.0,OPEN
0.719416,Lazio,3.75,,,,0.329426,2026-04-28T10:16:48.126335Z,NO_BET,-0.332931,5.6216,u3,Juventus,away,3.75,,0.177885,,0.0,OPEN
0.845167,Milan,3.05,,,,0.368046,2026-04-28T10:16:48.148671Z,NO_BET,-0.373917,4.8716,u2,Napoli,away,3.05,,0.205273,,0.0,OPEN
